statement ok
SET GLOBAL (max_threads, storage_io_min_bytes_for_seek) = (4, 56);

query TT
select value, default = value  from system.settings where name in ('max_threads', 'storage_io_min_bytes_for_seek') order by value;
----
4 0
56 0

statement ok
set variable (a, b) = (select 3, 55)


statement ok
SET GLOBAL (max_threads, storage_io_min_bytes_for_seek) = select $a + 1, $b + 1;

query TT
select value, default = value  from system.settings where name in ('max_threads', 'storage_io_min_bytes_for_seek') order by value;
----
4 0
56 0

statement ok
UNSET GLOBAL (max_threads, storage_io_min_bytes_for_seek);

query TT
select  default = value from system.settings where name in ('max_threads', 'storage_io_min_bytes_for_seek');
----
1
1

statement ok
set variable a = 1;

statement ok
set variable (b, c) = ('yy', 'zz');

query ITT
select $a + getvariable('a') + $a, getvariable('b'), getvariable('c'), getvariable('d')  
----
3 yy zz NULL

statement ok
unset variable (a, b)

query ITT
select getvariable('a'), getvariable('b'), 'xx' || 'yy' || getvariable('c') , getvariable('d')  
----
NULL NULL xxyyzz NULL

statement ok
unset variable (a, b, c)
